tick_us,arm_id,x_mm,y_mm,z_mm,qw,qx,qy,qz,linear_vel_mmps,force_clamp_N,tool,command_state,phase_id,meta_seed,meta_iteration_id
5000000,ARM_4,143.995,159.149,104.027,0.8776,0.4794,0.0,0.0,600.0,1.364,IMG_5ALA_MRI,EMIT,2,20260510,run_00001
5100000,ARM_4,143.587,159.328,104.123,0.8764,0.4816,0.0,0.0,600.0,1.358,IMG_5ALA_MRI,EMIT,2,20260510,run_00001
5200000,ARM_4,143.229,159.684,104.237,0.8752,0.4838,0.0,0.0,600.0,1.351,IMG_5ALA_MRI,EMIT,2,20260510,run_00001
5300000,ARM_4,142.868,159.904,104.296,0.874,0.486,0.0,0.0,600.0,1.345,IMG_5ALA_MRI,EMIT,2,20260510,run_00001
5400000,ARM_4,142.291,160.147,104.332,0.8727,0.4882,0.0,0.0,600.0,1.338,IMG_5ALA_MRI,EMIT,2,20260510,run_00001
5500000,ARM_4,141.84,160.502,104.574,0.8715,0.4904,0.0,0.0,600.0,1.331,IMG_5ALA_MRI,EMIT,2,20260510,run_00001
5600000,ARM_4,141.557,160.761,104.68,0.8703,0.4925,0.0,0.0,600.0,1.324,IMG_5ALA_MRI,EMIT,2,20260510,run_00001
5700000,ARM_4,140.982,160.975,104.814,0.8691,0.4947,0.0,0.0,600.0,1.317,IMG_5ALA_MRI,EMIT,2,20260510,run_00001
5800000,ARM_4,140.578,161.229,104.823,0.8678,0.4969,0.0,0.0,600.0,1.31,IMG_5ALA_MRI,EMIT,2,20260510,run_00001
5900000,ARM_4,140.239,161.475,104.861,0.8666,0.499,0.0,0.0,600.0,1.302,IMG_5ALA_MRI,EMIT,2,20260510,run_00001
6000000,ARM_4,139.787,161.78,105.107,0.8653,0.5012,0.0,0.0,600.0,1.295,IMG_5ALA_MRI,EMIT,2,20260510,run_00001
6100000,ARM_4,139.367,161.949,105.221,0.8641,0.5034,0.0,0.0,600.0,1.287,IMG_5ALA_MRI,EMIT,2,20260510,run_00001
6200000,ARM_4,138.883,162.24,105.262,0.8628,0.5055,0.0,0.0,600.0,1.279,IMG_5ALA_MRI,EMIT,2,20260510,run_00001
6300000,ARM_4,138.363,162.507,105.37,0.8615,0.5077,0.0,0.0,600.0,1.272,IMG_5ALA_MRI,EMIT,2,20260510,run_00001
6400000,ARM_4,138.011,162.737,105.511,0.8603,0.5098,0.0,0.0,600.0,1.263,IMG_5ALA_MRI,EMIT,2,20260510,run_00001
6500000,ARM_4,137.52,162.935,105.617,0.859,0.512,0.0,0.0,600.0,1.255,IMG_5ALA_MRI,EMIT,2,20260510,run_00001
6600000,ARM_4,137.05,163.287,105.738,0.8577,0.5141,0.0,0.0,600.0,1.247,IMG_5ALA_MRI,EMIT,2,20260510,run_00001
6700000,ARM_4,136.759,163.424,105.781,0.8564,0.5163,0.0,0.0,600.0,1.239,IMG_5ALA_MRI,EMIT,2,20260510,run_00001
6800000,ARM_4,136.285,163.703,105.871,0.8551,0.5184,0.0,0.0,600.0,1.23,IMG_5ALA_MRI,EMIT,2,20260510,run_00001
6900000,ARM_4,135.788,163.924,106.008,0.8538,0.5206,0.0,0.0,600.0,1.222,IMG_5ALA_MRI,EMIT,2,20260510,run_00001
7000000,ARM_4,135.304,164.261,106.139,0.8525,0.5227,0.0,0.0,600.0,1.213,IMG_5ALA_MRI,EMIT,2,20260510,run_00001
7100000,ARM_4,135.007,164.384,106.245,0.8512,0.5248,0.0,0.0,600.0,1.204,IMG_5ALA_MRI,EMIT,2,20260510,run_00001
7200000,ARM_4,134.404,164.567,106.373,0.8499,0.5269,0.0,0.0,600.0,1.195,IMG_5ALA_MRI,EMIT,2,20260510,run_00001
7300000,ARM_4,134.085,164.787,106.467,0.8486,0.5291,0.0,0.0,600.0,1.186,IMG_5ALA_MRI,EMIT,2,20260510,run_00001
7400000,ARM_4,133.604,164.999,106.51,0.8473,0.5312,0.0,0.0,600.0,1.176,IMG_5ALA_MRI,EMIT,2,20260510,run_00001
7500000,ARM_4,133.169,165.158,106.643,0.8459,0.5333,0.0,0.0,600.0,1.167,IMG_5ALA_MRI,EMIT,2,20260510,run_00001
7600000,ARM_4,132.711,165.385,106.721,0.8446,0.5354,0.0,0.0,600.0,1.158,IMG_5ALA_MRI,EMIT,2,20260510,run_00001
7700000,ARM_4,132.206,165.577,106.889,0.8432,0.5375,0.0,0.0,600.0,1.148,IMG_5ALA_MRI,EMIT,2,20260510,run_00001
7800000,ARM_4,131.76,165.905,107.022,0.8419,0.5396,0.0,0.0,600.0,1.138,IMG_5ALA_MRI,EMIT,2,20260510,run_00001
7900000,ARM_4,131.275,166.15,107.021,0.8405,0.5417,0.0,0.0,600.0,1.128,IMG_5ALA_MRI,EMIT,2,20260510,run_00001
8000000,ARM_4,130.823,166.169,107.188,0.8392,0.5438,0.0,0.0,600.0,1.119,IMG_5ALA_MRI,EMIT,2,20260510,run_00001
8100000,ARM_4,130.379,166.507,107.311,0.8378,0.5459,0.0,0.0,600.0,1.109,IMG_5ALA_MRI,EMIT,2,20260510,run_00001
8200000,ARM_4,129.909,166.764,107.445,0.8365,0.548,0.0,0.0,600.0,1.098,IMG_5ALA_MRI,EMIT,2,20260510,run_00001
8300000,ARM_4,129.438,166.831,107.466,0.8351,0.5501,0.0,0.0,600.0,1.088,IMG_5ALA_MRI,EMIT,2,20260510,run_00001
8400000,ARM_4,129.05,167.013,107.597,0.8337,0.5522,0.0,0.0,600.0,1.078,IMG_5ALA_MRI,EMIT,2,20260510,run_00001
8500000,ARM_4,128.511,167.29,107.745,0.8323,0.5543,0.0,0.0,600.0,1.067,IMG_5ALA_MRI,EMIT,2,20260510,run_00001
8600000,ARM_4,128.096,167.464,107.798,0.8309,0.5564,0.0,0.0,600.0,1.057,IMG_5ALA_MRI,EMIT,2,20260510,run_00001
8700000,ARM_4,127.722,167.563,107.929,0.8295,0.5584,0.0,0.0,600.0,1.046,IMG_5ALA_MRI,EMIT,2,20260510,run_00001
8800000,ARM_4,127.144,167.788,108.041,0.8281,0.5605,0.0,0.0,600.0,1.035,IMG_5ALA_MRI,EMIT,2,20260510,run_00001
8900000,ARM_4,126.642,168.009,108.21,0.8267,0.5626,0.0,0.0,600.0,1.024,IMG_5ALA_MRI,EMIT,2,20260510,run_00001
9000000,ARM_4,126.288,168.311,108.107,0.8253,0.5646,0.0,0.0,600.0,1.013,IMG_5ALA_MRI,EMIT,2,20260510,run_00001
9100000,ARM_4,125.761,168.24,108.311,0.8239,0.5667,0.0,0.0,600.0,1.002,IMG_5ALA_MRI,EMIT,2,20260510,run_00001
9200000,ARM_4,125.236,168.508,108.473,0.8225,0.5688,0.0,0.0,600.0,0.991,IMG_5ALA_MRI,EMIT,2,20260510,run_00001
9300000,ARM_4,124.785,168.702,108.575,0.8211,0.5708,0.0,0.0,600.0,0.98,IMG_5ALA_MRI,EMIT,2,20260510,run_00001
9400000,ARM_4,124.376,168.877,108.686,0.8196,0.5729,0.0,0.0,600.0,0.968,IMG_5ALA_MRI,EMIT,2,20260510,run_00001
9500000,ARM_4,123.889,169.016,108.825,0.8182,0.5749,0.0,0.0,600.0,0.957,IMG_5ALA_MRI,EMIT,2,20260510,run_00001
9600000,ARM_4,123.375,169.296,108.857,0.8168,0.577,0.0,0.0,600.0,0.945,IMG_5ALA_MRI,EMIT,2,20260510,run_00001
9700000,ARM_4,122.924,169.388,108.995,0.8153,0.579,0.0,0.0,600.0,0.933,IMG_5ALA_MRI,EMIT,2,20260510,run_00001
9800000,ARM_4,122.476,169.56,109.01,0.8139,0.581,0.0,0.0,600.0,0.922,IMG_5ALA_MRI,EMIT,2,20260510,run_00001
9900000,ARM_4,121.939,169.66,109.211,0.8124,0.5831,0.0,0.0,600.0,0.91,IMG_5ALA_MRI,EMIT,2,20260510,run_00001
10000000,ARM_4,121.5,169.941,109.305,0.811,0.5851,0.0,0.0,600.0,0.898,IMG_5ALA_MRI,EMIT,2,20260510,run_00001
10100000,ARM_4,121.128,170.058,109.322,0.8095,0.5871,0.0,0.0,600.0,0.886,IMG_5ALA_MRI,EMIT,2,20260510,run_00001
10200000,ARM_4,120.646,170.291,109.474,0.808,0.5891,0.0,0.0,600.0,0.873,IMG_5ALA_MRI,EMIT,2,20260510,run_00001
10300000,ARM_4,120.089,170.304,109.589,0.8066,0.5912,0.0,0.0,600.0,0.861,IMG_5ALA_MRI,EMIT,2,20260510,run_00001
10400000,ARM_4,119.582,170.492,109.571,0.8051,0.5932,0.0,0.0,600.0,0.849,IMG_5ALA_MRI,EMIT,2,20260510,run_00001
10500000,ARM_4,119.089,170.706,109.753,0.8036,0.5952,0.0,0.0,600.0,0.837,IMG_5ALA_MRI,EMIT,2,20260510,run_00001
10600000,ARM_4,118.674,170.801,109.816,0.8021,0.5972,0.0,0.0,600.0,0.824,IMG_5ALA_MRI,EMIT,2,20260510,run_00001
10700000,ARM_4,118.154,170.803,109.97,0.8006,0.5992,0.0,0.0,600.0,0.811,IMG_5ALA_MRI,EMIT,2,20260510,run_00001
10800000,ARM_4,117.768,171.09,110.167,0.7991,0.6012,0.0,0.0,600.0,0.799,IMG_5ALA_MRI,EMIT,2,20260510,run_00001
10900000,ARM_4,117.246,171.216,110.026,0.7976,0.6032,0.0,0.0,600.0,0.786,IMG_5ALA_MRI,EMIT,2,20260510,run_00001
