arm_id,joint_pos_q,joint_vel_qd,joint_torque_tau,ee_pos_xyz,ee_quat,ee_vel,ee_force,ee_torque,tool_state,tool_subtype,bipolar_current,bipolar_voltage,suction_pressure,suction_flow,irrigation_flow,vessel_proximity,nir_icg_4ch,duct_manometry,ring_tension,bile_spectro_4ch,us_b_mode_8ch,heartbeat_seq,heartbeat_watchdog,tip_force_scalar,cumulative_cross_arm_force,force_time_integral,engagement_depth,estop_state,temperature,power,collision_state,tool_changer_state,task_id,phase_id,queue_depth,total_channels
1,7,7,7,3,4,3,3,3,1,1,1,1,1,1,1,1,4,1,1,4,8,1,1,1,1,1,1,1,1,1,1,1,1,1,1,80
2,7,7,7,3,4,3,3,3,1,1,1,1,1,1,1,1,4,1,1,4,8,1,1,1,1,1,1,1,1,1,1,1,1,1,1,80
3,7,7,7,3,4,3,3,3,1,1,1,1,1,1,1,1,4,1,1,4,8,1,1,1,1,1,1,1,1,1,1,1,1,1,1,80
4,7,7,7,3,4,3,3,3,1,1,1,1,1,1,1,1,4,1,1,4,8,1,1,1,1,1,1,1,1,1,1,1,1,1,1,80
5,7,7,7,3,4,3,3,3,1,1,1,1,1,1,1,1,4,1,1,4,8,1,1,1,1,1,1,1,1,1,1,1,1,1,1,80
6,7,7,7,3,4,3,3,3,1,1,1,1,1,1,1,1,4,1,1,4,8,1,1,1,1,1,1,1,1,1,1,1,1,1,1,80
7,7,7,7,3,4,3,3,3,1,1,1,1,1,1,1,1,4,1,1,4,8,1,1,1,1,1,1,1,1,1,1,1,1,1,1,80
8,7,7,7,3,4,3,3,3,1,1,1,1,1,1,1,1,4,1,1,4,8,1,1,1,1,1,1,1,1,1,1,1,1,1,1,80
all,56,56,56,24,32,24,24,24,8,8,8,8,8,8,8,8,32,8,8,32,64,8,8,8,8,8,8,8,8,8,8,8,8,8,8,640
